{
    "accuracy": 0.59,
    "precision": 0.5918367346938775,
    "recall_positive": 0.58,
    "recall_negative": 0.6,
    "f1": 0.5858585858585859,
    "roc_auc": 0.6164000000000001,
    "purity": 0.5918367346938775,
    "significance": 4.142857142857143,
    "training_time_sec": 3405.854292154312
}