{
    "accuracy": 0.71,
    "precision": 0.64,
    "recall_positive": 0.96,
    "recall_negative": 0.46,
    "f1": 0.768,
    "roc_auc": 0.706,
    "purity": 0.64,
    "significance": 5.5425625842204065,
    "training_time_sec": 1178.7526190280914
}