{
    "accuracy": 0.59,
    "precision": 0.5957446808510638,
    "recall_positive": 0.56,
    "recall_negative": 0.62,
    "f1": 0.5773195876288659,
    "roc_auc": 0.6034,
    "purity": 0.5957446808510638,
    "significance": 4.084219761941048,
    "training_time_sec": 263.87531065940857
}