{
    "accuracy": 0.59,
    "precision": 0.5737704918032787,
    "recall_positive": 0.7,
    "recall_negative": 0.48,
    "f1": 0.6306306306306306,
    "roc_auc": 0.6328,
    "purity": 0.5737704918032787,
    "significance": 4.48129079765136,
    "training_time_sec": 2669.863608121872
}