{
    "accuracy": 0.57,
    "precision": 0.5636363636363636,
    "recall_positive": 0.62,
    "recall_negative": 0.52,
    "f1": 0.5904761904761905,
    "roc_auc": 0.5995999999999999,
    "purity": 0.5636363636363636,
    "significance": 4.180039147272101,
    "training_time_sec": 215.31854438781738
}