{
    "accuracy": 0.58,
    "precision": 0.5833333333333334,
    "recall_positive": 0.56,
    "recall_negative": 0.6,
    "f1": 0.5714285714285714,
    "roc_auc": 0.5952,
    "purity": 0.5833333333333334,
    "significance": 4.041451884327381,
    "training_time_sec": 654.3820428848267
}