{
    "accuracy": 0.6,
    "precision": 0.5925925925925926,
    "recall_positive": 0.64,
    "recall_negative": 0.56,
    "f1": 0.6153846153846154,
    "roc_auc": 0.6201999999999999,
    "purity": 0.5925925925925926,
    "significance": 4.354648431614539,
    "training_time_sec": 522.044463634491
}